origin,origin_mindspore,pca,pca_mindspore,lda,lda_mindspore,true_label
1,1,1,1,1,1,1
1,1,1,1,1,1,1
1,1,0,1,1,1,1
1,1,1,1,1,1,1
1,1,0,1,1,1,1
0,0,0,0,0,0,0
1,1,1,1,1,1,1
1,1,1,1,1,1,1
1,1,1,1,1,1,1
1,1,1,1,1,1,1
1,1,1,1,1,1,1
1,0,0,0,0,0,0
1,1,1,1,1,1,1
1,1,1,1,1,1,1
0,0,0,0,0,0,0
1,1,1,1,1,1,1
1,0,0,0,0,0,0
1,1,1,1,1,1,1
1,1,1,1,1,1,1
1,1,1,1,1,1,1
0,0,0,0,0,0,0
0,0,0,0,0,0,0
1,1,1,1,1,1,1
1,1,1,1,1,1,1
1,1,1,1,1,1,1
1,1,1,1,1,1,1
1,1,1,1,1,1,1
1,1,1,1,1,1,1
1,1,1,1,1,1,1
1,1,1,1,1,1,1
1,1,1,1,1,1,1
1,1,1,1,1,1,0
0,0,0,0,0,0,0
1,1,1,1,1,1,1
1,1,1,1,1,1,1
1,0,0,0,0,0,0
1,1,1,1,1,1,1
1,0,0,0,0,0,0
1,1,1,1,1,1,1
1,1,1,1,1,1,1
1,1,1,1,1,1,1
0,0,0,0,0,0,0
1,1,1,1,1,1,1
1,1,1,1,1,1,1
1,0,0,0,0,0,0
1,1,1,1,1,1,1
1,1,1,1,1,1,1
1,1,1,1,1,1,1
1,1,1,1,1,1,1
1,1,1,1,1,1,1
1,1,1,1,1,1,1
1,1,0,1,1,1,1
1,1,1,1,1,1,1
1,1,1,1,1,1,1
1,1,1,1,1,1,1
1,1,1,1,1,1,1
1,1,1,1,1,1,1
1,1,1,1,1,1,1
1,1,1,1,1,1,1
1,1,1,1,1,1,1
0,0,0,0,0,0,0
0,0,0,0,0,0,0
0,0,0,0,0,0,0
1,1,1,1,1,1,1
1,1,1,1,1,1,1
0,0,0,0,0,0,0
1,1,1,1,1,1,1
1,1,1,1,1,1,1
1,1,0,1,1,1,1
1,1,1,1,1,1,1
0,0,0,0,0,0,0
1,1,1,1,1,1,1
1,1,1,1,1,1,1
1,1,1,1,1,1,1
1,1,1,1,1,1,1
1,1,1,1,1,1,1
1,1,1,1,1,1,1
1,1,1,1,1,1,1
1,1,1,1,1,1,1
1,1,1,1,1,1,1
0,0,0,0,0,0,0
1,1,1,1,1,1,1
1,1,1,1,1,1,1
1,1,1,1,1,1,1
0,0,0,0,0,0,0
1,1,1,1,1,1,1
1,1,1,1,1,1,1
1,1,1,1,1,1,1
1,1,1,1,1,1,1
0,0,0,0,0,0,0
0,0,0,0,0,0,0
0,0,0,0,0,0,0
0,0,0,0,0,0,0
1,1,1,1,1,1,1
1,0,0,0,0,0,0
0,1,1,1,1,1,1
0,0,0,0,0,0,0
1,1,1,1,1,1,1
1,1,1,1,1,1,1
1,1,1,1,1,1,1
1,1,1,1,1,1,1
1,1,1,1,1,1,1
1,1,1,1,1,1,1
1,0,0,0,0,0,0
1,1,1,1,1,1,1
1,1,1,1,1,1,1
1,1,1,1,1,1,1
0,1,1,1,1,1,1
1,1,1,1,1,1,1
0,1,1,1,1,1,1
1,1,1,1,1,1,1
1,1,1,1,1,1,1
1,1,1,1,1,1,1
1,1,1,1,1,1,1
1,1,1,1,1,1,1
1,1,1,1,1,1,1
1,1,1,1,1,1,1
0,0,0,0,0,0,0
0,1,1,1,1,1,1
1,1,0,1,1,1,1
1,1,1,1,1,1,1
0,0,0,0,0,0,0
1,1,1,1,1,1,1
1,1,1,1,1,1,1
0,1,1,1,1,1,1
1,1,1,1,1,1,1
0,0,1,1,0,0,0
1,1,1,1,1,1,1
0,0,0,0,0,0,0
1,1,1,1,1,1,1
1,1,1,1,1,1,1
1,1,1,1,1,1,1
1,0,0,0,0,0,1
1,1,1,1,1,1,1
0,1,1,1,1,1,1
1,1,1,1,1,1,1
1,1,1,1,1,1,1
0,0,0,0,0,0,0
0,0,0,0,0,0,0
1,1,1,1,1,1,1
1,1,1,1,1,1,1
1,1,1,1,1,1,1
0,0,0,0,0,0,0
1,1,1,1,1,1,1
1,1,1,1,1,1,1
0,0,0,0,0,0,0
1,1,1,1,1,1,1
0,0,0,0,0,0,0
0,0,0,0,0,0,0
0,0,0,0,0,0,0
1,1,1,1,1,1,1
1,1,1,1,1,1,1
1,1,1,1,1,1,1
0,1,1,1,1,1,1
1,1,1,1,1,1,1
0,0,0,0,0,0,0
1,1,1,1,1,1,1
1,1,1,1,1,1,1
1,1,1,1,1,1,1
1,1,1,1,1,1,1
1,1,1,1,1,1,1
1,1,1,1,1,1,1
1,1,1,1,1,1,1
1,1,1,1,1,1,1
0,1,1,1,0,0,0
1,0,0,0,0,0,0
1,1,1,1,1,1,1
0,0,1,1,0,0,1
1,1,1,1,1,1,1
0,0,0,0,0,0,0
1,1,1,1,1,1,1
1,1,1,1,1,1,1
1,1,1,1,1,1,1
1,1,1,1,1,1,1
0,0,0,0,0,0,0
1,1,1,1,1,1,1
1,1,1,1,1,1,1
1,1,1,1,1,1,1
0,0,0,0,0,0,0
0,0,0,0,0,0,0
1,1,1,1,1,1,1
1,1,0,1,1,1,1
1,1,1,1,1,1,1
0,1,1,1,1,1,1
1,0,0,0,0,0,0
0,0,0,0,0,0,0
1,1,1,1,1,1,1
0,1,1,1,1,1,1
1,1,1,1,1,1,1
1,1,1,1,1,1,1
1,1,1,1,1,1,1
1,1,1,1,1,1,1
1,1,1,1,1,1,1
1,1,1,1,1,1,1
1,1,1,1,1,1,1
1,1,1,1,1,1,1
1,1,1,1,1,1,1
0,0,0,0,0,0,0
0,0,0,0,0,0,0
1,1,1,1,1,1,1
0,0,0,0,0,0,0
0,1,1,1,1,1,1
0,0,0,0,0,0,0
1,1,1,1,1,1,1
1,1,1,1,1,1,1
1,1,1,1,1,1,1
1,1,1,1,1,1,1
1,1,1,1,1,1,1
1,1,1,1,1,1,1
1,1,1,1,1,1,1
1,1,1,1,1,1,1
1,1,1,1,1,1,1
1,1,1,1,1,1,1
1,1,1,1,1,1,1
1,1,1,1,1,1,1
1,1,1,1,1,1,1
0,0,0,0,0,0,0
1,0,0,0,0,0,0
0,0,1,1,1,1,1
1,1,1,1,1,1,1
1,1,0,1,1,1,1
1,1,1,1,1,1,1
1,1,1,1,1,1,1
1,1,1,1,1,1,1
1,1,1,1,1,1,1
0,0,0,0,0,0,0
0,0,0,0,0,0,0
1,1,1,1,1,1,1
1,1,1,1,1,1,1
1,1,1,1,1,1,1
1,1,1,1,1,1,1
1,1,1,1,1,1,1
1,1,1,1,1,1,1
1,1,1,1,1,1,1
1,1,1,1,1,1,1
0,1,1,1,1,1,1
1,1,0,1,1,1,1
1,1,1,1,1,1,1
0,1,1,1,1,1,1
0,1,1,1,1,1,1
1,1,1,1,1,1,1
1,1,1,1,1,1,1
1,1,1,1,1,1,1
1,1,1,1,1,1,1
1,1,1,1,1,1,1
1,1,1,1,1,1,1
1,1,1,1,1,1,1
0,0,0,0,0,0,0
0,0,0,0,1,1,1
1,1,1,1,1,1,1
1,1,1,1,1,1,1
1,0,0,0,0,0,0
0,0,0,0,0,0,0
1,1,1,1,1,1,1
1,1,1,1,1,1,1
0,0,0,0,0,0,0
0,1,1,1,1,1,1
1,1,1,1,1,1,1
0,0,0,0,0,0,0
1,1,0,0,1,1,1
1,1,1,1,1,1,1
1,1,1,1,1,1,1
0,0,0,1,0,0,0
1,1,1,1,1,1,1
1,1,1,1,1,1,1
1,1,1,1,1,1,1
1,1,1,1,1,1,1
1,1,1,1,1,1,1
1,1,1,1,1,1,1
1,1,1,1,1,1,1
0,0,0,0,0,0,0
1,1,1,1,1,1,1
1,1,1,1,1,1,1
0,0,0,0,0,0,0
0,0,0,0,0,0,0
1,1,1,1,1,1,1
1,1,1,1,1,1,1
1,1,1,1,1,1,1
1,1,1,1,1,1,1
1,1,1,1,1,1,1
1,1,1,1,1,1,1
1,1,1,1,1,1,1
0,0,0,0,0,0,0
0,0,0,0,0,0,0
1,1,1,1,1,1,1
1,1,1,1,1,1,1
0,1,0,1,1,1,1
1,1,1,1,1,1,1
0,0,0,0,0,0,0
1,1,1,1,1,1,1
1,1,1,1,1,1,1
1,0,0,0,1,1,1
1,1,1,1,1,1,1
0,0,0,0,0,0,0
1,1,1,1,1,1,1
1,1,1,1,1,1,1
1,1,1,1,1,1,1
0,0,1,0,0,0,0
1,1,1,1,1,1,1
1,1,1,1,1,1,1
1,1,1,1,1,1,1
1,1,1,1,1,1,1
0,1,1,1,1,1,1
1,1,1,1,1,1,1
0,0,0,0,0,0,0
0,0,0,0,0,0,0
1,1,1,1,1,1,1
1,1,1,1,1,1,1
1,1,1,1,1,1,1
1,1,1,1,1,1,1
1,0,0,0,0,0,0
0,0,0,0,0,0,0
0,0,0,0,0,0,0
1,0,0,0,0,0,0
1,1,1,1,1,1,1
0,0,0,0,0,0,0
1,1,1,1,1,1,1
1,1,1,1,1,1,1
1,1,1,1,1,1,1
1,1,1,1,1,1,1
1,0,0,0,0,0,0
1,1,1,1,1,1,1
1,1,1,1,1,1,1
0,0,0,0,0,0,0
1,1,1,1,1,1,1
0,0,0,0,0,0,0
0,0,0,0,0,0,0
0,0,0,0,0,0,0
1,1,1,1,1,1,1
1,1,1,1,1,1,1
1,1,1,1,1,1,1
1,1,1,1,1,1,1
0,0,0,0,0,0,0
1,0,0,0,0,0,0
1,1,1,1,1,1,1
1,1,1,1,1,1,1
1,1,1,1,1,1,1
0,0,0,0,0,0,0
0,0,0,0,0,0,0
1,1,1,1,1,1,1
1,1,1,1,1,1,1
1,1,1,1,1,1,1
0,0,0,0,0,0,0
0,0,0,0,0,0,0
0,0,0,0,0,0,0
1,1,1,1,1,1,1
1,1,1,1,1,1,1
0,0,0,0,0,0,0
1,0,0,0,0,0,0
1,1,1,1,1,1,1
0,0,0,0,0,0,0
1,1,1,1,1,1,1
1,1,1,1,1,1,1
1,1,1,1,1,1,1
0,0,0,0,0,0,0
1,1,1,1,1,1,1
1,1,1,1,1,1,1
1,1,1,1,1,1,1
1,1,1,1,1,1,1
1,1,1,1,1,1,1
0,0,0,0,0,0,0
1,1,1,1,1,1,1
1,1,1,1,1,1,1
1,1,1,1,1,1,1
1,1,1,1,1,1,1
1,1,1,1,1,1,1
1,1,1,1,1,1,1
0,1,1,1,1,1,1
1,1,1,1,1,1,1
1,0,0,0,0,0,0
0,0,0,0,0,0,0
1,1,1,1,1,1,1
1,0,0,0,0,0,0
0,0,0,0,0,0,0
1,1,1,1,1,1,1
1,1,1,1,1,1,1
1,1,1,1,1,1,1
1,1,1,1,1,1,1
1,1,1,1,1,1,1
1,1,1,1,1,1,1
1,0,0,0,0,0,0
1,1,1,1,1,1,1
1,1,1,1,1,1,1
1,1,0,0,1,1,1
1,1,1,1,1,1,1
1,1,1,1,1,1,1
1,1,1,1,1,1,1
0,0,0,0,0,0,0
1,1,1,1,1,1,1
1,1,1,1,1,1,1
1,1,1,1,1,1,1
0,0,0,0,0,0,0
1,1,1,1,1,1,1
0,0,1,1,1,1,1
1,1,1,1,1,1,1
0,0,0,0,0,0,0
1,1,1,1,1,1,1
1,1,1,1,1,1,1
1,1,1,1,1,1,1
1,1,1,1,1,1,1
1,1,1,1,1,1,1
1,1,1,1,1,1,1
1,1,1,1,1,1,1
0,0,0,0,0,0,0
0,1,1,1,1,1,1
0,0,0,0,0,0,0
0,1,1,1,1,1,1
1,1,1,1,1,1,1
1,0,0,0,0,0,0
1,1,1,1,1,1,1
0,0,0,0,0,0,0
1,1,1,1,1,1,1
0,0,0,0,0,0,0
1,1,1,1,1,1,1
0,0,0,0,0,0,0
0,1,1,1,1,1,1
1,1,1,1,1,1,1
1,1,1,1,1,1,1
1,1,1,1,1,1,1
0,0,0,0,0,0,0
1,1,1,1,1,1,1
0,1,1,1,1,1,1
1,1,1,1,1,1,1
1,1,1,1,1,1,1
0,1,1,1,1,1,1
1,1,1,1,1,1,1
1,1,1,1,1,1,1
0,1,1,1,1,1,1
1,1,1,1,1,1,1
1,1,1,1,1,1,1
1,1,1,1,1,1,1
0,0,0,0,0,0,0
1,1,1,1,1,1,1
0,0,0,0,0,0,0
1,1,0,0,1,1,1
1,1,1,1,1,1,1
1,1,1,1,1,1,1
1,1,1,1,1,1,1
1,1,1,1,1,1,1
1,1,1,1,1,1,1
1,1,1,1,1,1,1
0,1,1,1,1,1,1
1,1,1,1,1,1,1
0,0,0,1,1,1,1
1,1,1,1,1,1,1
1,1,1,1,1,1,1
0,0,0,0,0,0,0
0,0,0,0,0,0,0
1,1,1,1,1,1,1
1,1,1,1,1,1,1
1,1,1,1,1,1,1
0,0,0,0,0,0,0
1,1,1,1,1,1,1
1,1,1,1,1,1,1
1,1,1,1,1,1,1
0,0,0,0,1,1,1
1,0,0,0,0,0,0
0,0,0,0,0,0,0
0,0,0,0,0,0,0
1,1,1,1,1,1,1
0,0,0,0,0,0,0
1,1,0,1,1,1,1
1,1,1,1,1,1,1
1,1,1,1,1,1,1
1,1,1,1,1,1,1
0,0,0,0,0,0,0
0,0,0,0,0,0,0
1,1,1,1,1,1,1
1,1,1,1,1,1,1
1,1,1,1,1,1,1
1,1,1,1,1,1,0
1,1,1,1,1,1,1
1,1,1,1,1,1,1
0,1,1,1,1,1,1
1,1,1,1,1,1,1
1,1,1,1,1,1,1
1,1,1,1,1,1,1
1,0,0,0,0,0,0
0,0,0,0,0,0,0
1,1,1,1,1,1,1
1,1,1,1,1,1,1
0,0,0,0,0,0,0
0,0,0,0,0,0,0
1,1,1,1,1,1,1
1,1,1,1,1,1,1
1,1,1,1,1,1,1
0,0,0,0,0,0,0
0,0,0,0,0,0,0
1,1,1,1,1,1,1
1,0,0,0,0,0,0
1,1,1,1,1,1,1
1,1,1,1,1,1,1
1,1,1,1,1,1,1
0,0,0,0,0,0,0
1,1,1,1,1,1,1
1,1,1,1,1,1,1
1,1,1,1,1,1,1
0,0,0,0,0,0,0
1,1,1,1,1,1,1
1,1,1,1,1,1,1
1,0,0,0,0,0,0
1,1,1,1,1,1,1
1,1,1,1,1,1,1
1,1,1,1,1,1,1
1,1,1,1,1,1,1
1,1,1,1,1,1,1
1,1,1,1,1,1,1
0,1,1,1,1,1,1
1,1,1,1,1,1,1
1,1,1,1,1,1,1
1,1,1,1,1,1,1
1,1,1,1,1,1,1
0,1,1,1,1,1,1
1,1,1,1,1,1,1
1,1,1,1,1,1,1
0,0,0,0,0,0,0
1,0,0,0,0,0,0
1,0,0,0,0,0,0
0,0,0,0,0,0,0
1,1,1,1,1,1,1
1,1,1,1,1,1,1
1,1,1,1,1,1,1
1,1,1,1,1,1,1
0,0,0,0,0,0,0
1,1,1,1,1,1,1
0,0,0,0,0,0,0
0,0,0,0,0,0,0
1,1,1,1,1,1,1
0,0,0,0,0,0,0
1,0,0,0,0,0,1
0,1,1,1,1,1,1
0,0,0,0,0,0,0
1,1,1,1,1,1,1
1,1,1,1,1,1,1
1,1,1,1,1,1,1
1,1,1,1,1,1,1
1,1,1,1,1,1,1
1,1,1,1,1,1,1
1,1,1,1,1,1,1
1,1,1,1,1,1,1
1,1,1,1,1,1,1
0,0,0,0,0,0,0
0,0,0,0,0,0,0
1,1,1,1,1,1,1
1,1,0,1,0,0,0
1,1,1,1,1,1,1
1,1,1,1,1,1,1
1,1,1,1,1,1,1
1,1,1,1,1,1,1
0,0,0,0,0,0,0
0,0,0,0,0,0,0
0,1,1,1,1,1,1
1,0,0,0,0,0,0
0,1,1,1,1,1,1
1,1,0,0,0,0,0
1,1,1,1,1,1,1
1,1,1,1,1,1,1
1,1,1,1,1,1,1
1,1,1,1,1,1,1
1,1,1,1,1,1,1
0,0,0,0,0,0,0
0,0,0,0,0,0,0
1,1,1,1,1,1,1
0,0,0,0,0,0,0
1,1,1,1,1,1,1
1,0,0,0,0,0,0
1,1,1,1,1,1,1
1,1,1,1,1,1,1
1,1,1,1,1,1,1
0,0,0,0,0,0,0
1,1,1,1,1,1,1
1,1,1,1,1,1,1
1,1,0,1,1,1,1
1,1,1,1,1,1,1
0,0,0,0,0,0,0
0,0,0,0,0,0,0
1,1,1,1,1,1,1
1,1,1,1,1,1,1
1,1,1,1,1,1,1
1,1,1,1,1,1,1
1,1,1,1,1,1,1
0,0,0,0,0,0,0
1,1,1,1,1,1,1
0,0,0,0,0,0,0
1,1,1,1,1,1,1
1,0,0,0,0,0,0
0,0,1,0,0,0,0
1,1,1,1,1,1,1
1,0,0,0,0,0,0
1,1,1,1,1,1,1
1,1,1,1,1,1,1
1,1,1,1,1,1,1
0,0,0,0,0,0,0
1,1,0,1,1,1,1
1,1,1,1,1,1,1
1,1,1,1,1,1,1
0,0,0,0,0,0,0
0,0,0,0,0,0,0
1,1,1,1,1,1,1
1,1,1,1,1,1,1
0,0,0,0,0,0,0
1,1,1,1,1,1,1
1,1,1,1,1,1,1
0,0,0,0,0,0,0
0,1,1,1,1,1,1
1,1,1,1,1,1,1
1,1,1,1,1,1,1
1,1,1,1,1,1,1
1,1,1,1,1,1,1
1,1,1,1,1,1,1
1,1,1,1,1,1,1
1,1,1,1,1,1,1
1,1,1,1,1,1,1
1,1,1,1,1,1,1
0,0,0,0,0,0,0
0,0,0,0,0,0,0
1,1,1,1,1,1,1
1,1,1,1,1,1,1
1,1,1,1,1,1,1
1,1,1,1,1,1,1
1,1,1,1,1,1,1
0,0,0,0,0,0,0
1,1,1,1,1,1,1
1,1,1,1,1,1,1
1,1,1,1,1,1,1
1,1,1,1,1,1,1
1,1,1,1,1,1,1
0,0,0,0,0,0,0
1,0,0,0,0,0,1
1,1,1,1,1,1,1
1,1,1,1,1,1,1
1,1,0,0,0,0,0
0,0,0,0,0,0,0
0,0,0,0,0,0,0
1,1,1,1,1,1,1
1,1,1,1,1,1,1
0,0,0,0,0,0,0
0,0,0,0,0,0,0
1,0,0,0,0,0,0
1,1,1,1,1,1,1
1,1,1,1,1,1,1
1,1,1,1,1,1,1
0,0,0,0,0,0,0
1,1,1,1,1,1,1
0,1,1,1,1,1,1
1,1,1,1,1,1,1
0,0,0,0,0,0,0
1,1,1,1,1,1,1
1,1,1,1,1,1,1
1,1,1,1,1,1,1
1,1,1,1,1,1,1
1,1,1,1,1,1,1
0,1,1,1,1,1,1
1,0,0,0,0,0,0
0,0,0,0,0,0,0
1,1,1,1,1,1,1
1,1,1,1,1,1,1
0,0,0,0,0,0,0
1,1,1,1,1,1,1
1,1,1,1,1,1,1
1,1,1,1,1,1,1
1,1,1,1,1,1,1
1,1,1,1,1,1,1
1,1,1,1,1,1,0
1,1,1,1,1,1,1
1,1,1,1,1,1,1
0,1,1,1,1,1,1
1,1,1,1,1,1,1
1,1,1,1,1,1,1
1,1,1,1,1,1,1
0,0,0,0,0,0,0
1,1,1,1,1,1,1
1,1,1,1,1,1,1
1,1,1,1,1,1,1
1,1,1,1,1,1,1
0,0,0,0,0,0,0
1,1,1,1,1,1,1
1,1,1,1,1,1,1
0,0,0,0,0,0,0
0,0,0,0,0,0,0
1,1,1,1,1,1,1
1,1,1,1,1,1,1
1,0,0,0,0,0,0
1,1,1,1,1,1,1
1,1,1,1,1,1,1
0,0,0,0,0,0,0
0,0,0,0,0,0,0
1,1,1,1,1,1,1
1,1,1,1,1,1,1
1,1,1,1,1,1,1
0,0,0,0,0,0,0
1,1,1,1,1,1,1
1,1,1,1,1,1,1
0,0,0,0,0,0,0
1,1,1,1,1,1,1
1,1,1,1,1,1,1
1,1,1,1,1,1,1
1,1,1,1,1,1,1
1,1,1,1,1,1,1
1,1,1,1,1,1,1
1,1,1,1,1,1,1
1,1,1,1,1,1,1
1,1,1,1,1,1,1
0,1,1,1,1,1,1
1,1,1,1,1,1,1
1,1,1,1,1,1,1
1,1,1,1,1,1,1
1,1,1,1,1,1,1
1,1,1,1,1,1,1
1,1,1,1,1,1,1
1,1,1,1,1,1,1
0,0,0,0,0,0,0
0,0,0,0,0,0,0
1,1,1,1,1,1,1
1,1,1,1,1,1,1
1,1,1,1,1,1,1
1,1,1,1,1,1,1
1,1,1,1,1,1,1
1,1,1,1,1,1,1
1,1,1,1,1,1,1
1,1,1,1,1,1,1
1,1,1,1,1,1,1
1,1,1,1,1,1,1
1,1,0,1,1,1,1
0,0,1,1,1,1,1
0,0,0,0,0,0,0
1,1,1,1,1,1,1
0,0,0,0,0,0,0
1,1,1,1,1,1,1
1,0,0,0,0,0,0
1,1,1,1,1,1,1
1,1,1,1,1,1,1
1,1,1,1,1,1,1
0,0,0,0,0,0,0
0,0,0,0,0,0,0
1,1,1,1,1,1,1
1,0,0,0,0,0,0
1,1,1,1,1,1,1
1,0,0,0,0,0,0
0,1,1,1,1,1,1
0,0,0,0,0,0,0
0,0,0,0,0,0,0
1,1,1,1,1,1,1
1,1,1,1,1,1,1
1,1,1,1,1,1,1
1,1,1,1,1,1,1
1,1,1,1,1,1,1
1,1,1,1,1,1,1
1,1,1,1,1,1,1
1,1,1,1,1,1,1
1,1,1,1,1,1,0
1,1,1,1,1,1,1
1,1,1,1,1,1,1
1,1,1,1,1,1,1
0,0,0,0,0,0,0
0,0,0,0,0,0,0
1,1,1,1,1,1,1
0,0,1,1,0,0,0
0,0,0,0,0,0,0
1,1,1,1,1,1,1
0,0,0,0,0,0,0
0,0,0,0,0,0,0
1,1,1,1,1,1,1
1,1,1,1,1,1,1
1,1,1,1,1,1,1
1,1,1,1,1,1,1
1,1,1,1,1,1,1
0,0,0,0,0,0,0
1,1,1,1,1,1,1
1,1,1,1,1,1,1
1,1,1,1,1,1,1
1,1,1,1,1,1,1
0,0,0,0,0,0,0
1,1,1,1,1,1,1
1,1,1,1,1,1,1
1,1,1,1,1,1,1
1,1,1,1,1,1,1
1,1,1,1,1,1,1
0,0,0,0,0,0,0
1,1,1,1,1,1,1
1,1,1,1,1,1,1
1,1,1,1,1,1,1
0,0,0,0,0,0,0
1,1,1,1,1,1,1
1,1,1,1,1,1,1
1,1,1,1,1,1,1
0,0,0,0,0,0,0
0,0,0,0,0,0,0
1,1,1,1,1,1,1
1,1,1,1,1,1,1
1,1,1,1,1,1,1
1,1,1,1,1,1,1
0,0,0,0,0,0,0
1,1,1,1,1,1,1
1,1,1,1,1,1,1
1,1,1,1,1,1,1
1,1,1,1,1,1,1
1,1,1,1,1,1,1
1,1,1,1,1,1,1
1,1,1,1,1,1,1
0,0,0,0,0,0,0
0,0,0,0,0,0,0
1,1,1,1,1,1,1
0,0,0,0,0,0,0
1,1,1,1,1,1,1
1,1,1,1,1,1,1
0,0,0,0,0,0,0
1,1,1,1,1,1,1
1,1,1,1,1,1,1
1,1,0,1,1,1,1
1,1,1,1,1,1,1
1,1,1,1,1,1,1
1,1,1,1,1,1,1
0,1,0,1,1,1,1
0,0,0,0,0,0,0
0,0,0,0,0,0,0
1,1,1,1,1,1,1
1,1,1,1,1,1,1
1,1,1,1,1,1,1
1,1,1,1,1,1,1
1,1,0,0,1,1,1
1,0,0,0,0,0,0
1,1,0,0,0,0,0
1,1,1,1,1,1,1
1,1,1,1,1,1,1
0,0,0,0,0,0,0
0,0,0,0,0,0,0
1,1,1,1,1,1,1
1,1,1,1,1,1,1
1,1,1,1,1,1,1
1,1,1,1,1,1,1
1,1,1,1,1,1,1
1,1,1,1,1,1,1
1,1,1,1,1,1,1
1,1,1,1,1,1,1
0,0,0,0,0,0,0
1,1,1,1,1,1,1
0,0,0,0,0,0,0
1,1,1,1,1,1,1
1,1,1,1,1,1,1
1,1,1,1,1,1,1
1,1,1,1,1,1,1
1,1,1,1,1,1,1
1,0,0,0,0,0,0
1,1,1,1,1,1,1
1,1,1,1,1,1,1
1,1,1,1,1,1,1
1,1,1,1,1,1,1
1,0,0,0,0,0,0
1,1,1,1,1,1,1
1,1,1,1,1,1,1
1,1,1,1,1,1,1
1,1,1,1,1,1,1
0,0,0,0,0,0,0
1,1,1,1,1,1,1
1,1,1,1,1,1,1
1,1,1,1,1,1,1
1,1,1,1,1,1,1
0,0,1,1,1,1,1
1,1,0,1,1,1,1
0,0,0,0,0,0,0
1,1,1,1,1,1,1
0,0,0,0,0,0,0
1,1,1,1,1,1,1
1,1,1,1,1,1,1
0,0,0,0,0,0,1
1,1,1,1,1,1,1
1,1,1,1,1,1,1
0,0,0,0,0,0,0
1,1,1,1,1,1,1
1,1,1,1,1,1,1
0,1,1,1,1,1,1
1,1,1,1,1,1,1
1,1,1,1,1,1,1
1,1,1,1,1,1,1
1,1,1,1,1,1,1
0,0,0,0,0,0,0
1,1,1,1,1,1,1
1,1,1,1,1,1,1
1,1,1,1,1,1,1
1,1,1,1,1,1,1
1,1,1,1,1,1,1
1,0,0,0,0,0,0
1,1,1,1,1,1,1
1,1,1,1,1,1,1
1,1,1,1,1,1,1
1,1,1,1,1,1,1
1,1,1,1,1,1,1
1,1,1,1,1,1,1
1,1,1,1,1,1,1
1,1,1,1,1,1,1
1,1,1,1,1,1,1
1,1,1,1,1,1,1
1,1,1,1,1,1,1
0,1,1,1,1,1,1
0,0,0,0,0,0,0
1,1,1,1,1,1,1
1,1,1,1,1,1,1
0,1,1,1,1,1,1
1,1,1,1,1,1,1
1,1,1,1,1,1,1
1,1,1,1,1,1,1
0,0,0,0,0,0,0
0,1,1,1,1,1,1
1,1,1,1,1,1,1
1,1,0,0,1,1,1
0,0,0,0,0,0,0
1,1,1,1,1,1,1
0,0,0,0,0,0,0
1,1,1,1,1,1,1
0,0,1,1,1,1,1
1,1,1,1,1,1,1
0,1,1,1,1,1,1
1,1,1,1,1,1,1
1,1,1,1,1,1,1
1,1,1,1,1,1,1
1,1,1,1,1,1,1
1,1,1,1,1,1,1
1,1,1,1,1,1,1
0,1,1,1,1,1,1
1,1,0,1,1,1,1
1,1,1,1,1,1,1
0,0,0,0,0,0,0
1,1,1,1,1,1,1
1,1,1,1,1,1,1
0,0,0,0,0,0,0
1,1,1,1,1,1,1
0,1,1,1,1,1,1
1,1,1,1,1,1,1
0,0,0,0,0,0,0
1,1,1,1,1,1,1
1,1,1,1,1,1,1
1,1,1,1,1,1,1
1,1,1,1,1,1,1
1,0,0,0,0,0,0
0,0,0,1,0,0,0
1,1,1,1,1,1,1
0,0,0,0,0,0,0
1,0,0,0,0,0,0
1,1,1,1,1,1,1
0,0,0,0,0,0,0
1,1,1,1,1,1,1
1,1,1,1,1,1,1
1,1,1,1,1,1,1
0,0,0,0,0,0,0
0,1,1,1,1,1,1
0,0,0,0,0,0,0
1,1,1,1,1,1,1
1,1,1,1,1,1,1
1,1,1,1,1,1,1
1,1,1,1,1,1,1
1,1,1,1,1,1,1
1,1,1,1,1,1,1
1,1,1,1,1,1,1
1,1,1,1,1,1,1
0,1,1,1,1,1,1
0,0,0,0,0,0,0
1,1,1,1,1,1,1
1,1,1,1,1,1,1
1,1,0,1,1,1,1
1,1,1,1,1,1,1
1,1,1,1,1,1,1
0,0,0,0,0,0,0
1,1,1,1,1,1,1
1,1,1,1,1,1,1
1,1,1,1,1,1,1
1,1,1,1,1,1,1
1,1,1,1,1,1,1
0,1,1,1,1,1,1
1,1,1,1,1,1,1
1,1,1,1,1,1,1
0,1,1,1,1,1,1
0,0,0,0,0,0,0
1,1,1,1,1,1,1
1,1,1,1,1,1,1
1,1,1,1,1,1,1
1,1,1,1,1,1,1
1,1,1,1,1,1,1
1,1,1,1,1,1,1
0,0,0,0,0,0,0
1,1,1,1,1,1,1
0,0,0,0,0,0,0
1,1,1,1,1,1,1
0,0,1,0,0,0,1
1,1,1,1,1,1,1
0,0,0,0,0,0,0
1,1,1,1,1,1,1
1,1,1,1,1,1,1
1,1,1,1,1,1,1
1,1,1,1,1,1,1
1,1,1,1,1,1,1
0,0,0,0,0,0,0
1,1,1,1,1,1,1
1,1,1,1,1,1,1
0,0,0,0,0,0,0
0,0,0,0,0,0,0
0,0,0,0,0,0,0
0,1,1,1,1,1,1
1,1,1,1,1,1,1
0,0,0,0,0,0,0
1,1,1,1,1,1,1
1,1,1,1,1,1,1
1,1,1,1,1,1,1
0,0,0,0,0,0,0
1,1,1,1,1,1,1
1,1,1,1,1,1,1
1,1,1,1,1,1,1
1,1,1,1,1,1,1
1,1,1,1,1,1,1
1,1,1,1,1,1,1
1,1,1,1,1,1,1
1,1,1,1,1,1,1
0,1,1,1,1,1,1
1,1,1,1,1,1,1
1,1,1,1,1,1,1
1,1,1,1,1,1,1
1,1,1,1,1,1,1
1,0,0,0,0,0,0
1,1,0,1,1,1,1
0,1,1,1,1,1,1
0,0,0,0,0,0,0
0,1,1,1,1,1,1
1,1,1,1,1,1,1
1,1,1,1,1,1,1
1,1,1,1,1,1,1
0,0,1,1,1,1,1
1,1,1,1,1,1,1
1,1,1,1,1,1,1
1,1,1,1,1,1,1
1,1,1,1,1,1,1
1,1,1,1,1,1,1
1,1,1,1,1,1,1
0,1,1,1,1,1,1
0,0,0,0,0,0,0
1,1,1,1,1,1,1
1,1,1,1,1,1,1
0,0,0,0,0,0,0
1,1,1,1,1,1,1
1,1,1,1,1,1,1
1,1,1,1,1,1,1
1,1,1,1,1,1,1
1,1,1,1,1,1,1
1,1,1,1,1,1,1
1,1,1,1,1,1,1
1,1,1,1,1,1,1
1,1,1,1,1,1,1
1,1,1,1,1,1,1
1,1,1,1,1,1,1
0,0,0,0,0,0,0
1,1,1,1,1,1,1
1,1,1,1,1,1,1
1,1,1,1,1,1,1
1,1,1,1,1,1,1
1,1,1,1,1,1,1
1,1,1,1,1,1,1
0,1,1,1,1,1,1
1,1,1,1,1,1,1
1,1,1,1,1,1,1
1,1,1,1,1,1,1
1,1,1,1,1,1,1
1,1,1,1,1,1,1
1,1,1,1,1,1,1
1,1,1,1,1,1,1
1,1,1,1,1,1,1
1,1,1,1,1,1,1
1,1,1,1,1,1,1
1,1,1,1,1,1,1
1,1,1,1,1,1,1
0,0,0,0,0,0,0
1,1,1,1,1,1,1
1,1,1,1,1,1,1
1,1,0,0,1,1,1
1,1,1,1,1,1,1
1,1,1,1,1,1,1
1,1,1,1,1,1,1
1,1,1,1,1,1,1
1,1,1,1,1,1,1
1,1,1,1,1,1,1
0,0,0,0,0,0,0
1,1,1,1,1,1,1
1,1,1,1,1,1,1
1,1,1,1,1,1,1
1,1,1,1,1,1,1
0,0,0,0,0,0,0
1,0,0,0,0,0,0
1,1,1,1,1,1,1
1,1,1,1,1,1,1
1,1,1,1,1,1,1
1,1,1,1,1,1,1
1,1,1,1,1,1,1
1,1,1,1,1,1,0
0,1,1,1,1,1,1
1,1,1,1,1,1,1
1,1,1,1,1,1,1
1,1,1,1,1,1,1
1,1,1,1,1,1,1
1,1,1,1,1,1,1
1,1,1,1,1,1,1
1,1,1,1,1,1,1
1,1,1,1,1,1,1
1,1,1,1,1,1,1
1,1,1,1,1,1,1
0,0,0,0,0,0,0
1,1,1,1,1,1,1
0,0,0,0,0,0,0
0,0,0,0,0,0,0
0,0,0,0,0,0,0
1,1,1,1,1,1,1
1,1,1,1,1,1,1
1,1,1,1,1,1,1
1,1,1,1,1,1,1
1,1,1,1,1,1,1
1,1,1,1,1,1,1
1,1,1,1,1,1,1
1,0,0,0,0,0,0
0,1,1,1,1,1,1
1,1,1,1,1,1,1
1,1,1,1,1,1,1
1,1,1,1,1,1,1
1,1,1,1,1,1,1
1,1,1,1,1,1,1
1,1,1,1,1,1,1
1,1,1,1,1,1,1
0,0,0,0,0,0,0
1,1,1,1,1,1,1
0,1,1,1,1,1,1
1,1,1,1,1,1,1
1,1,1,1,1,1,1
0,1,1,1,1,1,1
1,0,0,0,0,0,0
0,0,0,0,1,1,1
1,1,1,1,1,1,1
1,1,1,1,1,1,1
0,1,1,1,1,1,1
0,0,0,0,0,0,0
1,1,1,1,1,1,1
0,1,1,1,1,1,1
0,1,1,1,1,1,1
1,1,1,1,1,1,1
0,0,0,0,0,0,0
1,1,1,1,1,1,1
1,1,1,1,1,1,1
0,0,0,0,0,0,0
0,0,0,0,0,0,0
1,1,1,1,1,1,1
1,1,0,1,1,1,1
1,1,1,1,1,1,1
1,1,1,1,1,1,1
1,1,0,1,1,1,1
1,1,1,1,1,1,1
1,1,1,1,1,1,1
0,0,0,0,0,0,0
1,1,1,1,1,1,1
0,0,0,0,0,0,0
1,1,1,1,1,1,1
0,0,0,0,0,0,0
1,1,1,1,1,1,1
1,1,1,1,1,1,1
1,1,1,1,1,1,1
0,1,1,1,1,1,1
1,1,1,1,1,1,1
0,0,0,0,0,0,0
0,0,0,0,0,0,0
0,0,0,0,0,0,0
1,1,1,1,1,1,1
1,1,1,1,1,1,1
1,1,1,1,1,1,1
1,1,1,1,1,1,1
0,0,0,0,0,0,0
1,1,1,1,1,1,1
0,0,0,0,0,0,0
1,1,1,1,1,1,1
0,0,0,0,0,0,0
1,1,1,1,1,1,1
1,1,1,1,1,1,1
1,1,1,1,1,1,1
1,1,1,1,1,1,1
1,1,1,1,1,1,1
1,1,1,1,1,1,1
1,1,1,1,1,1,1
1,1,0,1,1,1,1
1,1,1,1,1,1,1
1,1,1,1,1,1,1
1,1,1,1,1,1,1
1,1,1,1,1,1,1
1,1,1,1,1,1,1
1,1,1,1,1,1,1
1,1,1,1,1,1,1
1,1,1,1,1,1,1
1,1,1,1,1,1,1
1,1,1,1,1,1,1
1,1,1,1,1,1,1
1,1,1,1,1,1,1
0,0,0,0,0,0,0
0,0,0,0,0,0,0
1,1,1,1,1,1,1
1,1,1,1,1,1,1
1,1,1,1,1,1,1
1,1,1,1,1,1,1
1,1,1,1,1,1,1
0,0,0,0,0,0,0
1,1,1,1,1,1,1
1,1,1,1,1,1,1
1,1,1,1,1,1,1
1,1,1,1,1,1,1
1,1,1,1,1,1,1
1,1,0,1,1,1,1
1,1,1,1,1,1,1
1,1,0,1,1,1,1
1,1,1,1,1,1,1
1,1,1,1,1,1,1
1,1,1,1,1,1,1
1,1,1,1,1,1,1
1,1,1,1,1,1,1
0,1,1,1,1,1,1
0,1,1,1,1,1,1
1,1,1,1,1,1,1
1,1,1,1,1,1,1
1,1,1,1,1,1,1
1,1,1,1,1,1,1
0,0,0,0,0,0,0
1,1,1,1,1,1,1
1,1,1,1,1,1,1
1,1,1,1,1,1,1
1,1,1,1,1,1,1
1,1,1,1,1,1,1
0,0,0,0,0,0,0
1,1,1,1,1,1,1
1,1,1,1,1,1,1
0,1,1,1,1,1,1
1,1,1,1,1,1,1
1,1,1,1,1,1,1
1,1,1,1,1,1,1
1,1,1,1,1,1,1
0,0,0,0,0,0,0
0,1,1,1,1,1,1
0,0,0,0,0,0,0
1,1,1,1,1,1,1
1,1,1,1,1,1,1
0,1,1,1,1,1,1
1,1,1,1,1,1,1
0,0,0,0,0,0,0
1,1,1,1,1,1,1
1,1,1,1,1,1,1
1,1,1,1,1,1,1
1,1,1,1,1,1,1
1,1,1,1,1,1,1
1,1,1,1,1,1,1
1,1,1,1,1,1,1
1,1,1,1,1,1,1
1,1,1,1,1,1,1
1,0,0,0,0,0,0
1,1,1,1,1,1,1
0,0,0,0,0,0,0
1,1,1,1,1,1,1
0,0,0,0,0,0,0
1,1,1,1,1,1,1
1,1,1,1,1,1,1
1,1,1,1,1,1,1
0,1,1,1,1,1,1
1,1,1,1,1,1,1
0,1,1,1,1,1,1
1,1,1,1,1,1,1
1,1,1,1,1,1,1
1,1,1,1,1,1,1
1,1,1,1,1,1,1
1,1,1,1,1,1,1
1,1,1,1,1,1,1
1,1,1,1,1,1,1
1,0,0,0,0,0,0
1,1,1,1,1,1,1
1,1,1,1,1,1,1
1,1,1,1,1,1,1
1,1,1,1,1,1,1
1,1,1,1,1,1,1
0,0,1,1,1,1,1
1,1,1,1,1,1,1
0,0,0,0,0,0,0
1,1,1,1,1,1,1
1,1,1,1,1,1,1
1,1,1,1,1,1,1
0,0,0,0,0,0,0
1,1,1,1,1,1,1
1,1,1,1,1,1,1
1,1,1,1,1,1,1
0,0,0,0,0,0,0
1,1,1,1,1,1,1
1,1,1,1,1,1,1
1,1,1,1,1,1,1
1,1,1,1,1,1,1
1,1,1,1,1,1,1
1,1,1,1,1,1,1
0,0,0,0,0,0,0
1,1,0,1,1,1,1
1,1,1,1,1,1,1
1,1,0,1,1,1,1
1,1,1,1,1,1,1
0,1,1,1,1,1,1
0,0,0,0,0,0,0
1,1,1,1,1,1,1
1,1,1,1,1,1,1
0,1,1,1,1,1,1
1,1,1,1,1,1,1
0,0,0,0,0,0,0
1,1,1,1,1,1,1
1,1,1,1,1,1,1
0,0,0,0,0,0,0
1,0,0,0,0,0,0
1,1,1,1,1,1,1
1,1,1,1,1,1,1
1,1,1,1,1,1,1
1,1,1,1,1,1,1
1,1,1,1,1,1,1
0,1,1,1,1,1,1
1,1,1,1,1,1,1
1,1,1,1,1,1,1
1,1,1,1,1,1,1
1,1,1,1,1,1,1
0,0,0,0,0,0,0
1,1,1,1,1,1,1
1,1,1,1,1,1,1
1,0,0,0,0,0,0
1,1,1,1,1,1,1
1,0,0,0,0,0,0
1,1,1,1,1,1,1
1,1,1,1,1,1,1
0,1,1,1,1,1,1
1,1,1,1,1,1,1
1,1,1,1,1,1,1
1,1,1,1,1,1,1
1,1,1,1,1,1,1
0,0,0,0,0,0,0
0,0,0,0,0,0,0
1,1,1,1,1,1,1
1,1,1,1,1,1,1
0,0,0,0,0,0,0
1,1,0,0,0,0,0
1,1,1,1,1,1,1
0,1,1,1,1,1,1
1,1,1,1,1,1,1
1,1,1,1,1,1,1
1,1,0,1,1,1,1
1,1,1,1,1,1,1
1,1,1,1,1,1,1
1,1,1,1,1,1,1
1,1,1,1,1,1,1
1,1,1,1,1,1,1
1,1,1,1,1,1,1
1,1,1,1,1,1,1
1,1,0,1,1,1,1
1,1,1,1,1,1,1
1,1,1,1,1,1,1
1,0,0,0,0,0,0
0,0,0,0,0,0,0
1,1,1,1,1,1,1
1,1,1,1,1,1,1
1,1,1,1,1,1,1
1,1,1,1,1,1,1
1,1,0,1,1,1,1
1,1,1,1,1,1,1
1,1,0,1,1,1,1
0,0,0,0,0,0,0
0,0,0,0,0,0,0
1,1,1,1,1,1,1
1,1,0,1,1,1,1
1,0,0,0,0,0,0
1,1,1,1,1,1,1
1,1,1,1,1,1,1
1,1,1,1,1,1,1
1,1,1,1,1,1,1
1,1,1,1,1,1,1
1,1,1,1,1,1,1
1,1,1,1,1,1,1
1,1,1,1,1,1,1
1,1,1,1,1,1,1
1,0,0,0,0,0,0
0,0,0,0,0,0,0
1,1,1,1,1,1,1
1,1,1,1,1,1,1
1,1,1,1,1,1,1
1,1,0,1,1,1,1
1,1,1,1,1,1,1
1,1,1,1,1,1,1
0,0,0,0,0,0,0
1,1,1,1,1,1,1
1,1,1,1,1,1,1
1,1,1,1,1,1,1
0,1,1,1,1,1,1
0,1,1,1,1,1,1
0,0,0,0,0,0,0
0,1,1,1,1,1,1
0,0,0,0,0,0,0
1,1,1,1,1,1,1
1,1,1,1,1,1,1
1,1,1,1,1,1,1
1,1,1,1,1,1,1
1,1,1,1,1,1,1
1,1,1,1,1,1,1
0,0,0,0,0,0,0
1,1,1,1,1,1,1
1,0,0,0,0,0,0
0,0,0,0,0,0,0
1,1,1,1,1,1,1
1,1,1,1,1,1,1
1,1,1,1,1,1,1
1,1,1,1,1,1,1
1,1,1,1,1,1,1
1,1,1,1,1,1,1
1,1,1,1,1,1,1
1,1,1,1,1,1,1
1,1,1,1,1,1,1
0,0,0,0,0,0,0
0,0,0,0,0,0,0
1,0,0,0,0,0,0
1,1,1,1,1,1,1
1,1,1,1,1,1,1
0,0,1,1,1,1,1
1,1,1,1,1,1,1
1,1,1,1,1,1,1
1,1,1,1,1,1,1
1,1,1,1,1,1,1
1,1,1,1,1,1,1
1,1,1,1,1,1,1
0,0,0,0,0,0,0
1,0,0,0,0,0,0
0,0,0,0,0,0,0
1,1,1,1,1,1,1
1,1,1,1,1,1,1
1,1,1,1,1,1,1
1,1,1,1,1,1,1
1,1,1,1,1,1,1
1,1,1,1,1,1,1
1,1,1,1,1,1,1
1,1,1,1,1,1,1
1,0,0,0,0,0,0
0,1,1,1,1,1,1
1,1,1,1,1,1,1
1,1,1,1,1,1,1
1,1,1,1,1,1,1
1,1,0,1,1,1,1
0,0,1,1,1,1,1
1,1,1,1,1,1,1
1,1,1,1,1,1,1
1,1,1,1,1,1,1
0,0,0,0,0,0,0
1,1,1,1,1,1,1
0,0,0,0,0,0,0
0,0,0,0,0,0,0
1,1,0,1,1,1,1
1,1,1,1,1,1,1
1,0,0,0,0,0,0
1,1,1,1,1,1,1
1,1,1,1,1,1,1
0,1,1,1,1,1,1
1,1,1,1,1,1,1
1,1,1,1,1,1,1
1,1,1,1,1,1,1
0,0,0,0,0,0,0
1,1,1,1,1,1,1
1,1,0,0,0,0,0
1,1,0,1,1,1,1
1,1,1,1,1,1,1
1,1,1,1,1,1,1
1,1,1,1,1,1,1
1,1,0,1,1,1,1
1,1,1,1,1,1,1
0,0,0,0,0,0,0
1,1,1,1,1,1,1
1,1,1,1,1,1,1
1,1,1,1,1,1,1
0,0,0,0,0,0,0
0,0,0,0,0,0,0
0,0,0,0,0,0,0
1,1,1,1,1,1,1
0,0,0,0,0,0,0
1,1,1,1,1,1,1
0,0,0,0,0,0,0
1,1,1,1,1,1,1
1,1,1,1,1,1,1
1,1,1,1,1,1,1
1,1,1,1,1,1,1
1,1,1,1,1,1,1
1,0,0,0,0,0,0
1,1,1,1,1,1,1
1,1,1,1,1,1,1
1,1,1,1,1,1,1
1,1,1,1,1,1,1
0,0,0,0,0,0,0
0,1,1,1,1,1,1
0,0,0,0,0,0,0
1,1,1,1,1,1,1
1,1,1,1,1,1,1
1,1,1,1,1,1,1
1,1,1,1,1,1,1
0,0,0,0,0,0,0
0,1,1,1,1,1,1
1,1,1,1,1,1,1
1,1,1,1,1,1,1
1,1,1,1,1,1,1
1,1,1,1,1,1,1
1,1,1,1,1,1,1
1,1,1,1,1,1,1
1,1,1,1,1,1,1
1,1,1,1,1,1,1
1,1,1,1,1,1,1
1,1,1,1,1,1,1
1,1,1,1,1,1,1
0,0,0,0,0,0,0
1,1,1,1,1,1,1
1,1,1,1,1,1,1
1,0,0,0,0,0,0
1,1,1,1,1,1,1
1,1,1,1,1,1,1
1,0,0,0,0,0,0
1,1,1,1,1,1,1
1,1,1,1,1,1,1
1,1,1,1,1,1,1
0,0,0,0,0,0,0
1,1,1,1,1,1,1
1,1,1,1,1,1,1
0,0,0,0,0,0,0
1,1,1,1,1,1,1
1,1,0,1,1,1,1
1,1,1,1,1,1,1
0,0,0,0,0,0,0
0,0,0,0,0,0,0
1,1,1,1,1,1,1
0,0,0,0,0,0,0
1,1,1,1,1,1,1
1,1,1,1,1,1,1
1,1,1,1,1,1,1
1,1,1,1,1,1,1
1,1,1,1,1,1,1
1,1,1,1,1,1,1
1,1,0,1,1,1,1
1,1,1,1,1,1,1
1,1,1,1,1,1,1
1,0,0,0,0,0,0
1,1,1,1,1,1,1
0,0,0,0,0,0,0
1,1,1,1,1,1,1
1,0,0,0,1,1,1
1,1,1,1,1,1,1
1,1,1,1,1,1,1
1,1,0,0,1,1,1
0,1,1,1,1,1,1
0,1,1,1,1,1,1
0,0,0,0,0,0,0
1,1,1,1,1,1,1
1,1,1,1,1,1,1
1,1,1,1,1,1,1
1,1,1,1,1,1,1
1,1,1,1,1,1,1
1,1,1,1,1,1,1
1,1,1,1,1,1,1
1,1,1,1,1,1,1
1,1,1,1,1,1,1
1,1,1,1,1,1,1
1,1,1,1,1,1,1
1,1,1,1,1,1,1
1,1,1,1,1,1,1
1,1,1,1,1,1,1
1,0,0,0,0,0,0
1,1,0,0,0,0,0
0,0,0,0,0,0,0
1,1,1,1,1,1,1
1,1,1,1,1,1,1
1,1,1,1,1,1,1
0,1,1,1,1,1,1
1,1,1,1,1,1,1
1,1,1,1,1,1,1
1,1,1,1,1,1,1
1,1,1,1,1,1,1
1,1,1,1,1,1,1
0,0,0,0,0,0,0
1,1,1,1,1,1,1
0,0,0,0,0,0,0
1,1,1,1,1,1,1
1,1,1,1,1,1,1
1,1,1,1,1,1,1
1,1,1,1,1,1,1
0,0,0,0,0,0,0
1,1,1,1,1,1,1
1,1,1,1,1,1,1
1,1,1,1,1,1,1
1,1,1,1,1,1,1
1,1,1,1,1,1,1
0,0,0,0,0,0,0
1,1,1,1,1,1,1
1,1,1,1,1,1,1
1,1,1,1,1,1,1
1,1,1,1,1,1,1
0,0,0,0,0,0,0
1,1,1,1,1,1,1
1,1,1,1,1,1,1
1,1,0,1,1,1,1
1,1,1,1,1,1,1
1,1,1,1,1,1,1
1,1,1,1,1,1,1
1,1,1,1,1,1,1
0,0,0,0,0,0,0
1,1,0,1,1,1,1
1,1,1,1,1,1,1
1,1,1,1,1,1,1
1,1,1,1,1,1,1
1,1,0,0,0,0,0
1,1,1,1,1,1,1
1,1,1,1,1,1,1
1,1,1,1,1,1,1
1,1,1,1,1,1,1
1,1,1,1,1,1,1
1,1,1,1,1,1,1
1,1,1,1,1,1,1
1,1,1,1,1,1,1
1,1,0,1,1,1,1
1,1,1,1,1,1,1
1,1,1,1,1,1,1
1,0,0,0,0,0,0
1,1,1,1,1,1,1
1,0,0,0,0,0,0
0,0,0,0,0,0,0
1,1,1,1,1,1,1
1,1,1,1,1,1,1
1,1,1,1,1,1,1
1,1,1,1,1,1,1
1,1,1,1,1,1,1
1,1,1,1,1,1,1
0,0,0,0,0,0,0
0,0,0,0,0,0,0
0,1,1,1,1,1,1
0,0,0,0,0,0,0
1,1,1,1,1,1,1
1,1,1,1,1,1,1
1,1,1,1,1,1,1
1,1,1,1,1,1,1
1,1,1,1,1,1,1
1,0,0,0,0,0,0
1,1,0,1,1,1,1
1,1,1,1,1,1,1
0,0,0,0,0,0,0
1,1,1,1,1,1,1
1,1,1,1,1,1,1
1,0,0,0,0,0,0
1,1,1,1,1,1,1
0,0,0,0,0,0,0
0,1,1,1,1,1,1
1,1,1,1,1,1,1
0,0,0,0,0,0,0
1,1,1,1,1,1,1
1,1,1,1,1,1,1
1,1,1,1,1,1,1
1,1,1,1,1,1,1
1,1,1,1,1,1,1
0,0,0,0,0,0,0
1,1,1,1,1,1,1
1,1,1,1,1,1,1
1,1,1,1,1,1,1
0,0,0,0,0,0,0
1,1,1,1,1,1,1
1,1,1,1,1,1,1
1,1,1,1,1,1,1
1,1,1,1,1,1,1
0,0,0,0,0,0,0
1,1,1,1,1,1,1
1,1,1,1,1,1,1
1,1,1,1,1,1,1
1,1,0,1,1,1,1
1,1,1,1,1,1,1
0,0,0,0,0,0,0
1,1,1,1,1,1,1
1,1,1,1,1,1,1
0,0,0,0,0,0,0
1,1,1,1,1,1,1
0,1,1,1,1,1,1
1,1,1,1,1,1,1
0,0,0,0,0,0,0
0,0,0,0,0,0,0
1,1,1,1,1,1,1
0,0,0,0,0,0,0
1,1,1,1,1,1,1
0,0,0,0,0,0,0
1,1,1,1,1,1,1
0,0,0,0,0,0,0
0,1,0,1,1,1,1
0,0,0,0,0,0,0
1,1,1,1,1,1,1
0,0,0,0,0,0,0
1,1,1,1,1,1,1
1,1,1,1,1,1,1
0,0,0,0,0,0,0
0,1,1,1,1,1,1
1,1,1,1,1,1,1
1,1,1,1,1,1,1
1,1,1,1,1,1,1
0,0,0,0,0,0,0
1,0,0,0,0,0,0
1,1,1,1,1,1,1
1,1,1,1,1,1,1
0,0,0,0,0,0,0
0,0,0,0,0,0,0
1,1,1,1,1,1,1
1,1,1,1,1,1,1
1,1,1,1,1,1,1
1,1,1,1,1,1,1
1,1,1,1,1,1,1
0,1,1,1,1,1,1
1,1,1,1,1,1,1
1,0,0,0,0,0,0
0,1,0,1,1,1,1
1,1,1,1,1,1,1
1,1,1,1,1,1,1
0,0,0,0,0,0,0
1,1,1,1,1,1,1
0,0,0,0,0,0,0
1,1,1,1,1,1,1
1,1,1,1,1,1,1
1,1,0,1,1,1,1
1,1,1,1,1,1,1
0,1,0,1,1,1,1
1,1,1,1,1,1,1
0,0,0,0,0,0,0
1,1,1,1,1,1,1
1,1,1,1,1,1,1
1,1,1,1,1,1,1
1,0,0,0,0,0,0
0,0,0,0,0,0,0
1,1,1,1,1,1,1
1,1,1,1,1,1,1
0,0,0,0,0,0,0
1,1,1,1,1,1,1
1,1,1,1,1,1,1
1,1,1,1,1,1,1
1,1,1,1,1,1,1
1,1,1,1,1,1,1
0,0,0,0,0,0,0
0,0,0,0,0,0,0
1,1,1,1,1,1,1
0,0,0,0,0,0,0
1,1,1,1,1,1,1
1,1,1,1,1,1,1
1,1,1,1,1,1,1
0,0,0,0,0,0,0
1,1,1,1,1,1,1
0,0,0,0,0,0,0
1,1,1,1,1,1,1
1,1,1,1,1,1,1
1,0,0,0,0,0,0
1,1,1,1,1,1,1
0,0,0,0,0,0,1
1,0,0,0,0,0,0
1,1,1,1,1,1,1
0,0,0,0,0,0,0
0,0,0,0,0,0,0
1,1,1,1,1,1,1
0,0,0,0,0,0,0
1,1,1,1,1,1,1
0,0,0,0,0,0,0
1,1,1,1,1,1,1
1,1,1,1,1,1,1
0,0,0,0,0,0,0
0,0,0,0,0,0,0
1,1,1,1,1,1,1
1,1,0,1,1,1,1
1,1,1,1,1,1,1
1,1,1,1,1,1,1
0,0,0,0,0,0,0
1,1,0,0,1,1,1
1,1,1,1,1,1,1
1,1,1,1,1,1,1
1,1,1,1,1,1,1
1,1,1,1,1,1,1
1,1,1,1,1,1,1
1,1,1,1,1,1,1
0,0,0,0,0,0,0
1,1,1,1,1,1,1
0,0,0,0,0,0,0
1,1,1,1,1,1,1
1,0,0,0,0,0,0
0,1,1,1,1,1,1
1,1,1,1,1,1,1
1,1,1,1,1,1,1
0,1,1,1,1,1,1
1,1,1,1,1,1,1
1,1,1,1,1,1,1
1,1,1,1,1,1,1
1,1,1,1,1,1,1
1,1,1,1,1,1,1
1,1,1,1,1,1,1
0,0,0,0,0,0,0
1,1,1,1,1,1,1
1,1,1,1,1,1,1
1,1,1,1,1,1,1
1,1,1,1,1,1,1
1,0,0,0,0,0,0
0,1,1,1,1,1,1
1,1,1,1,1,1,1
1,1,1,1,1,1,1
1,1,1,1,1,1,1
1,1,1,1,1,1,1
0,0,0,0,0,0,0
1,1,1,1,1,1,1
0,1,1,1,1,1,1
1,1,1,1,1,1,1
0,0,0,0,0,0,0
1,1,1,1,1,1,1
1,1,1,1,1,1,1
1,1,1,1,1,1,1
1,1,1,1,1,1,1
1,0,0,0,0,0,0
1,1,1,1,1,1,1
1,1,1,1,1,1,1
1,1,0,1,1,1,1
1,1,1,1,1,1,1
1,0,0,0,0,0,0
1,1,1,1,1,1,1
1,1,1,1,1,1,1
0,0,0,0,0,0,0
1,1,1,1,1,1,1
0,0,1,1,1,1,1
0,0,0,0,0,0,0
1,1,1,1,1,1,1
1,1,0,1,1,1,1
1,1,1,1,1,1,1
1,1,1,1,1,1,1
1,1,1,1,1,1,1
1,1,1,1,1,1,1
0,0,0,0,0,0,0
1,1,1,1,1,1,1
1,1,1,1,1,1,1
1,1,0,1,1,1,1
1,1,1,1,1,1,1
0,0,0,0,0,0,0
1,1,0,1,1,1,1
1,1,1,1,1,1,1
1,1,1,1,1,1,1
1,1,1,1,1,1,1
0,0,0,0,0,0,0
0,1,1,1,1,1,1
1,1,1,1,1,1,1
1,1,1,1,1,1,1
0,0,0,0,0,0,0
1,1,1,1,1,1,1
1,1,1,1,1,1,1
0,0,0,0,0,0,0
1,0,0,0,0,0,0
0,0,0,0,0,0,0
1,1,1,1,1,1,1
1,1,1,1,1,1,1
1,1,1,1,1,1,1
1,1,1,1,1,1,1
0,1,1,1,1,1,1
0,1,1,1,1,1,1
1,0,0,0,0,0,0
1,1,1,1,1,1,1
0,0,0,0,0,0,0
0,0,0,0,0,0,0
1,1,1,1,1,1,1
1,1,1,1,1,1,1
1,1,1,1,1,1,1
1,1,1,1,1,1,1
1,1,1,1,1,1,1
0,1,1,1,1,1,1
1,1,1,1,1,1,1
0,1,1,1,1,1,1
1,1,1,1,1,1,1
1,1,1,1,1,1,1
1,0,0,0,0,0,0
0,0,0,0,0,0,0
0,0,0,0,0,0,0
1,1,1,1,1,1,1
1,1,1,1,1,1,1
1,1,1,1,1,1,1
1,1,1,1,1,1,1
1,1,1,1,1,1,1
1,1,1,1,1,1,1
1,1,1,1,1,1,1
1,1,1,1,1,1,1
1,1,1,1,1,1,1
1,1,1,1,1,1,1
1,1,1,1,1,1,1
1,1,0,0,1,1,1
1,1,1,1,1,1,1
1,1,1,1,1,1,1
0,1,1,1,1,1,1
1,0,0,0,0,0,0
1,1,1,1,1,1,1
1,1,1,1,1,1,1
1,1,1,1,1,1,1
0,0,0,0,0,0,0
1,1,1,1,1,1,1
1,1,1,1,1,1,1
1,1,0,1,1,1,1
1,0,0,0,0,0,0
1,1,1,1,1,1,1
1,1,1,1,1,1,1
1,1,1,1,1,1,1
1,1,1,1,1,1,1
1,1,1,1,1,1,1
1,1,1,1,1,1,1
1,1,1,1,1,1,1
1,1,1,1,1,1,1
1,1,1,1,1,1,1
0,0,0,0,0,0,0
1,1,0,0,0,0,0
0,1,0,0,1,1,1
0,0,0,0,0,0,0
1,1,1,1,1,1,1
1,1,1,1,1,1,1
1,1,1,1,1,1,1
0,0,0,0,0,0,0
1,0,0,0,0,0,0
1,1,1,1,1,1,1
1,1,1,1,1,1,1
1,1,0,0,0,0,0
1,1,1,1,1,1,1
0,0,0,0,0,0,0
0,0,0,0,0,0,0
1,1,1,1,1,1,1
1,1,1,1,1,1,1
1,1,1,1,1,1,1
0,0,0,0,0,0,0
1,1,1,1,1,1,1
0,0,0,0,0,0,0
1,1,1,1,1,1,1
1,1,1,1,1,1,1
1,1,1,1,1,1,1
1,1,1,1,1,1,1
0,1,1,1,1,1,1
0,1,1,1,1,1,1
0,0,0,0,0,0,0
0,0,0,0,0,0,0
1,1,1,1,1,1,1
1,1,1,1,1,1,1
1,1,1,1,1,1,1
1,1,1,1,1,1,1
1,1,1,1,1,1,1
1,1,1,1,1,1,1
1,1,1,1,1,1,1
1,1,1,1,1,1,1
0,1,1,1,1,1,1
1,1,1,1,1,1,1
0,0,0,0,0,0,0
1,1,1,1,1,1,1
1,1,1,1,1,1,1
1,1,1,1,1,1,1
1,1,1,1,1,1,1
1,1,1,1,1,1,1
1,1,1,1,1,1,1
1,1,1,1,1,1,1
1,1,1,1,1,1,1
